Position in MSA,Character of Interest,Node Weight
0,G,0.04
1,G,0.04
2,A,0.04
3,C,0.04
4,T,0.04
5,C,0.04
6,A,0.04
7,T,0.04
8,A,0.04
9,C,0.04
10,G,0.08
11,G,0.32
12,A,0.04
12,C,0.04
12,G,0.24
13,A,0.04
13,C,0.08
13,G,0.2
14,C,0.32
15,C,0.04
15,T,0.24
15,G,0.04
16,C,0.24
16,T,0.04
16,G,0.04
17,A,0.08
17,C,0.24
17,G,0.04
18,A,0.24
18,T,0.04
18,G,0.08
19,A,0.12
19,C,0.2
19,T,0.04
19,G,0.52
20,A,0.28
20,C,0.08
20,G,0.56
21,A,0.2
21,C,0.12
21,G,0.6
22,C,0.68
22,G,0.24
23,A,0.04
23,C,0.24
23,T,0.6
23,G,0.04
24,A,0.04
24,C,0.68
24,G,0.16
25,A,0.48
25,C,0.28
25,T,0.08
25,G,0.08
26,A,0.24
26,C,0.08
26,T,0.56
26,G,0.04
27,A,0.32
27,C,0.08
27,G,0.52
28,A,0.44
28,C,0.16
28,T,0.12
28,G,0.2
29,A,0.08
29,T,0.08
29,G,0.76
30,G,0.92
31,A,0.36
31,C,0.4
31,T,0.12
31,G,0.04
32,C,0.6
32,T,0.2
32,G,0.12
33,A,0.52
33,C,0.24
33,T,0.08
33,G,0.12
34,A,0.16
34,C,0.12
34,T,0.2
34,G,0.36
35,A,0.12
35,C,0.2
35,T,0.16
35,G,0.4
36,A,0.12
36,C,0.52
36,T,0.12
36,G,0.24
37,A,0.04
37,C,0.48
37,T,0.2
37,G,0.28
38,A,0.24
38,C,0.32
38,T,0.04
38,G,0.36
39,A,0.04
39,C,0.4
39,T,0.08
39,G,0.44
40,A,0.08
40,C,0.2
40,T,0.32
40,G,0.36
41,A,0.2
41,C,0.28
41,T,0.4
41,G,0.08
42,A,0.08
42,C,0.04
42,T,0.52
42,G,0.08
43,A,0.16
43,C,0.04
43,T,0.2
43,G,0.28
44,A,0.12
44,C,0.4
44,T,0.12
44,G,0.12
45,A,0.2
45,C,0.08
45,T,0.2
45,G,0.44
46,A,0.04
46,C,0.12
46,T,0.08
46,G,0.68
47,A,0.36
47,C,0.16
47,T,0.04
47,G,0.36
48,A,0.04
48,C,0.4
48,T,0.16
48,G,0.12
49,A,0.08
49,C,0.4
49,T,0.04
49,G,0.16
50,A,0.04
50,C,0.16
50,T,0.4
50,G,0.08
51,A,0.12
51,C,0.16
52,A,0.04
52,C,0.08
52,G,0.36
53,A,0.08
53,C,0.12
53,T,0.12
53,G,0.4
54,A,0.2
54,C,0.16
54,T,0.08
54,G,0.4
55,A,0.04
55,C,0.08
55,T,0.12
55,G,0.56
56,A,0.04
56,C,0.8
56,G,0.04
57,A,0.04
57,C,0.56
57,T,0.12
57,G,0.2
58,C,0.12
58,T,0.56
58,G,0.24
59,C,0.08
59,G,0.84
60,A,0.64
60,G,0.28
61,A,0.04
61,T,0.2
61,G,0.68
62,A,0.68
62,G,0.24
63,A,0.56
63,C,0.08
63,T,0.12
63,G,0.16
64,A,0.84
64,C,0.08
65,A,0.04
65,C,0.64
65,T,0.24
66,C,0.8
66,T,0.04
67,A,0.04
67,C,0.24
67,T,0.24
67,G,0.28
68,C,0.04
68,T,0.2
69,T,0.2
70,G,0.2
71,G,0.2
72,A,0.2
73,G,0.2
74,C,0.2
75,C,0.16
75,T,0.04
76,C,0.2
77,C,0.16
77,T,0.04
78,G,0.2
79,A,0.2
80,C,0.04
80,G,0.16
81,G,0.16
82,G,0.16
83,C,0.2
84,C,0.2
85,G,0.2
86,A,0.04
86,G,0.16
87,A,0.2
88,G,0.2
89,A,0.2
90,A,0.16
90,G,0.04
91,A,0.2
92,C,0.2
93,C,0.2
94,C,0.2
